ResponseID,response_id,assignment_id,completion_code,numericDate
R_2Cfz9Xs3L3JFnoM,1949.0,00026a2bba--64da15fab737586735055b0b,2013317.0,2023-08-14 06:21:00
R_xGvOBak04ssarcZ,1942.0,00026a2bba--64da191e277a20612d3cd7f1,2006086.0,2023-08-14 06:21:35
R_2YWHYsMz9Pcrmky,1954.0,00026a2bba--64da17963943bb1abc94152e,2018482.0,2023-08-14 06:24:20
R_31sgdlXTTt75qmn,1952.0,00026a2bba--64da17643366bb4a1d86254a,2016416.0,2023-08-14 06:31:34
R_1eRbXe2hX8NZbVn,1944.0,00026a2bba--64da169fb73758673505894f,2008152.0,2023-08-14 06:32:22
R_1cUqOMYl2cGkRyH,1959.0,00026a2bba--64da16d1b7375867350595d1,2023647.0,2023-08-14 06:36:50
R_1FdYxe8kxEpgW1b,1943.0,00026a2bba--64da17c43943bb1abc941f33,2007119.0,2023-08-14 06:43:17
R_1QEpWpnzzFFHgGx,1945.0,00026a2bba--64da1c5b277a20612d3d90dd,2009185.0,2023-08-14 06:46:11
R_6LNghG6q1AKaFPP,1941.0,00026a2bba--64da1eff995b3f14b535c046,2005053.0,2023-08-14 06:57:21
R_2rSEgMmspkTLWVR,1951.0,00026a2bba--64da1de5312d8529300e1c38,2015383.0,2023-08-14 07:00:27
R_2q7vx83qqYYouDZ,1955.0,00026a2bba--64da1cfbf867734797a36004,2019515.0,2023-08-14 07:05:07
R_UxskEPLLYAX0ieB,1956.0,00026a2bba--64da1cba2d2b3466ed1a83fd,2020548.0,2023-08-14 07:08:19
R_1q3Uy02vqHtRzrv,1953.0,00026a2bba--64da1762873d5e5575021635,2017449.0,2023-08-14 07:13:13
R_QcuSPsgw4zK5OP7,1957.0,00026a2bba--64da1a05995b3f14b534f2b3,2021581.0,2023-08-14 07:29:17
R_1eKRHKuziYkVEC8,1958.0,00026a2bba--64da1e93873d5e557503aeb8,2022614.0,2023-08-14 07:38:39
R_3HUpMx7iEdESVQZ,23112.0,000273d3d9--64f64f0cacf8586eb9951e40,23874696.0,2023-09-04 16:04:06
R_3EQJesYKRyuJAdC,48645.0,000273d3d9--64f64f7b2c4aab7466dd4a42,50250285.0,2023-09-04 16:07:28
R_uqrAwFZ1OkZDvkl,61118.0,000273d3d9--64f64fbba2802a58f7c78fff,63134894.0,2023-09-04 16:09:10
R_1C4030oAWYZrpJz,77240.0,000273d3d9--64f650fdb5ed2a382b15db52,79788920.0,2023-09-04 16:14:31
R_3kzFCIFQLBuDwHe,59588.0,000273d3d9--64f64f392c4aab7466dd3a96,61554404.0,2023-09-04 16:14:49
R_3qWPiiM6gCWGasm,13098.0,000273d3d9--64f64f9dacf8586eb9953f65,13530234.0,2023-09-04 16:19:56
R_qQtiYJWj3hFvQVH,22409.0,000273d3d9--64f6523d2c4aab7466de09cc,23148497.0,2023-09-04 16:20:45
R_tM8ynko43mHDHqh,51932.0,000273d3d9--64f65033acf8586eb99561bb,53645756.0,2023-09-04 16:25:48
R_22VzTz2C2gjK4wz,45617.0,000273d3d9--64f652a0825a490df99501fe,47122361.0,2023-09-04 16:32:25
R_SBrp1JFp4xOQDgB,56461.0,000273d3d9--64f64fecb5ed2a382b159e45,58324213.0,2023-09-04 16:34:26
R_3j3ggIRriU9CJvx,15144.0,000273d3d9--64f64f34acf8586eb995261e,15643752.0,2023-09-04 16:35:14
R_3lWWrVe1P6qMog9,42825.0,000273d3d9--64f653522c4aab7466de5596,44238225.0,2023-09-04 16:36:11
R_byM9QgOHuB6mXv3,95606.0,000273d3d9--64f65383825a490df9953513,98760998.0,2023-09-04 16:37:01
R_6JUgAYGQwvdW31n,81881.0,000273d3d9--64f654fcacf8586eb9968a76,84583073.0,2023-09-04 16:48:42
R_1mDCuoLOqTocbmR,44087.0,000273d3d9--64f653c02c4aab7466de7056,45541871.0,2023-09-04 16:50:16
R_1lzdEiDmQG0kJe3,77395.0,000273d3d9--64f660932c4aab7466e1e0a4,79949035.0,2023-09-04 17:31:19
R_21ctmLwPYBDVNJy,29469.0,000273d3d9--64f66623b5ed2a382b198f29,30441477.0,2023-09-04 17:52:47
R_1EcBMtsc2u8Bf8V,71646.0,000273d3d9--64f6684fb5ed2a382b19e056,74010318.0,2023-09-04 17:57:58
R_3EA4LDNoeZ1Jfrv,65224.0,000273d3d9--64f669e52c4aab7466e38448,67376392.0,2023-09-04 18:08:09
R_ZyQ2SLxteg8EEQ9,22098.0,000273d3d9--64f66bceb5ed2a382b1a6fad,22827234.0,2023-09-04 18:10:32
R_1FK8xtQwuX1aRBC,66340.0,000273d3d9--64f674a02c4aab7466e91aa2,68529220.0,2023-09-04 18:37:41
R_1FyW7P3vZgrNicI,96754.0,000273d3d9--64f67842825a490df99c5689,99946882.0,2023-09-04 19:25:54
R_3fUUfOuKJzkJply,54826.0,000273d3d9--64f68f00acf8586eb9a302f0,56635258.0,2023-09-04 20:45:15
R_2R8kg16WBxg7avS,17430.0,000273d3d9--64f6ae33b5ed2a382b27cf41,18005190.0,2023-09-04 22:44:58
R_2ZDnWPUAJtIv6Oj,39773.0,000273d3d9--64f6a6cfb5ed2a382b25edf2,41085509.0,2023-09-04 22:54:47
R_3lt5cDMkXimbiEu,98344.0,000273d3d9--64f6b001acf8586eb9ac3d4b,101589352.0,2023-09-04 23:05:48
R_2EnLYoKEUZz2s15,37597.0,000273d3d9--64f6ae94acf8586eb9abdea6,38837701.0,2023-09-04 23:12:41
R_5cAnoV4lFMuY7DP,14455.0,000273d3d9--64f6a544a2802a58f7d7d97b,14932015.0,2023-09-04 23:30:20
R_1gjq8wyVNaBssb8,64817.0,000273d3d9--64f6b71eb5ed2a382b29e517,66955961.0,2023-09-04 23:37:51
R_3DcDB0OJJnKYUon,30235.0,000273d3d9--64f6b8bc2c4aab7466fd9dc9,31232755.0,2023-09-04 23:42:21
R_1FFeds9xxiLlLAw,24677.0,000273d3d9--64f6bbc7a2802a58f7dd5ad1,25491341.0,2023-09-04 23:53:02
R_29iVqDH3NQ2YCGF,99375.0,000273d3d9--64f6ba0d2c4aab7466fe47be,102654375.0,2023-09-04 23:54:21
R_1mJdOy94uKISCb0,53804.0,000273d3d9--64f6bd2e93b2e8548ef00684,55579532.0,2023-09-05 00:07:24
R_Op1S5YjLrUJJFKh,41956.0,000273d3d9--64f6bd84825a490df9ac95df,43340548.0,2023-09-05 00:14:15
R_1ePM4yfsAv9iq0U,32401.0,000273d3d9--64f6c053a2802a58f7de8fa9,33470233.0,2023-09-05 00:20:00
R_2bH01bFFwMA8RYl,97903.0,000273d3d9--64f6c29c4faee81cfb45154a,101133799.0,2023-09-05 00:25:52
R_9EkQfPy1UAWtVwB,19606.0,000273d3d9--64f6c0932c4aab7466002c35,20252998.0,2023-09-05 00:30:03
R_21pQOfd91hwIpw9,40825.0,000273d3d9--64f6c32493b2e8548ef284a2,42172225.0,2023-09-05 00:33:55
R_bxAkXT3Rw0gkqC5,47782.0,000273d3d9--64f6c6f7825a490df9af75bb,49358806.0,2023-09-05 00:35:46
R_3IVg7xuHGKx5cWt,70024.0,000273d3d9--64f6c3d9a2802a58f7df930a,72334792.0,2023-09-05 00:37:30
R_2v8GJSLLnadg06k,54108.0,000273d3d9--64f69fb2825a490df9a49d44,55893564.0,2023-09-05 00:44:11
R_ZDgDdTYTAN8IbQZ,22454.0,000273d3d9--64f6c9bb4faee81cfb47325f,23194982.0,2023-09-05 01:00:53
R_31LOgM3bGj8qGiF,89674.0,000273d3d9--64f6cb26acf8586eb9b4a222,92633242.0,2023-09-05 01:20:08
R_3oZuWduBMe8dfmd,25574.0,000273d3d9--64f6ca182c4aab7466038e08,26417942.0,2023-09-05 01:21:10
R_2X5VaLPlKXg5xTn,97613.0,000273d3d9--64f6c656a2802a58f7e03e00,100834229.0,2023-09-05 01:38:43
R_3KD4Z1shtzN0u1l,41517.0,000273d3d9--64f6cd21a2802a58f7e23c16,42887061.0,2023-09-05 01:55:49
R_3345sFFnM9G4hEB,25883.0,000273d3d9--64f6d8cbb5ed2a382b335cfa,26737139.0,2023-09-05 02:05:43
R_3Rt5pDm9jStSUn8,15904.0,000273d3d9--64f6dabeb5ed2a382b33e731,16428832.0,2023-09-05 02:09:10
R_sEROcNnEEi0Z5Dz,68007.0,000273d3d9--64f6d57b4faee81cfb4abbe5,70251231.0,2023-09-05 02:12:15
R_1LnbDLsQYueWc6C,82969.0,000273d3d9--64f6e2ab93b2e8548eff4052,85706977.0,2023-09-05 02:35:05
R_2rTJuuHLucOfSGf,11621.0,000273d3d9--64f6e12ea2802a58f7e7d1d7,12004493.0,2023-09-05 02:41:22
R_1Dx2bQHW3VBUEun,72588.0,000273d3d9--64f6ea4d93b2e8548e023dfe,74983404.0,2023-09-05 03:02:52
R_r2pZWDS2wvwInmh,36004.0,000273d3d9--64f6ec6922fc2e18342fc9ee,37192132.0,2023-09-05 03:19:35
R_ZL9FCkCVFItgdvX,24281.0,000273d3d9--64f6eb03acf8586eb9be0c95,25082273.0,2023-09-05 03:37:42
R_5bCxiJm5rJyRrsR,48054.0,000273d3d9--64f6f11a4faee81cfb5208af,49639782.0,2023-09-05 03:38:53
R_2XjJqyJmW9cqxuQ,75861.0,000273d3d9--64f6f2f993b2e8548e04bb96,78364413.0,2023-09-05 03:43:27
R_1QhkE1waVB1gV7z,51751.0,000273d3d9--64f6f06ce4b52a459d1595ab,53458783.0,2023-09-05 03:48:33
R_2UY46oywWScTCPm,33119.0,000273d3d9--64f6f58fe4b52a459d16f16c,34211927.0,2023-09-05 03:48:47
R_3Jz4pRrCvLkrYNB,85346.0,000273d3d9--64f6f57fdc9e7c62a7f234e3,88162418.0,2023-09-05 03:55:28
R_3kdpf0yfAWq623b,36951.0,000273d3d9--64f6ebd0a2802a58f7ea73d5,38170383.0,2023-09-05 04:01:14
R_3pt0GFRbYERVVCQ,97207.0,000273d3d9--64f6f30993b2e8548e04bedc,100414831.0,2023-09-05 04:07:17
R_28MNuizAjIDyGZB,42539.0,000273d3d9--64f6fa2da2802a58f7edc2cd,43942787.0,2023-09-05 04:07:33
R_3MfKwr4XrJJNW94,52937.0,000273d3d9--64f6f83cb5ed2a382b3b5ddb,54683921.0,2023-09-05 04:07:54
R_2eWicVplejrF7hX,52449.0,000273d3d9--64f6f2f2b5ed2a382b39e6ee,54179817.0,2023-09-05 04:11:15
R_RFtCeXnplz2Xf2x,57865.0,000273d3d9--64f6f9f64faee81cfb542491,59774545.0,2023-09-05 04:12:05
R_1oj80xDsSN0YEKF,16186.0,000273d3d9--64f6fdda825a490df9bf244a,16720138.0,2023-09-05 04:29:39
R_2QYRNto6Vokdxei,53565.0,000273d3d9--64f70181acf8586eb9c3aad5,55332645.0,2023-09-05 04:47:40
R_1dsqAbeeVyMOGs9,86152.0,000273d3d9--64f70008e4b52a459d19a6ed,88995016.0,2023-09-05 04:56:39
R_3n6FpW57K9Z9C8i,74944.0,000273d3d9--64f6fd09a2802a58f7ee9623,77417152.0,2023-09-05 04:57:26
R_RCbYoNmZWHWEysN,10414.0,000273d3d9--64f703d3e4b52a459d1acc51,10757662.0,2023-09-05 05:00:58
R_2rx5ZuthcqrjsZF,34519.0,000273d3d9--64f7036fdc9e7c62a7f64ca4,35658127.0,2023-09-05 05:03:43
R_2yd8A0Jc2ZcXFht,96282.0,000273d3d9--64f7092693b2e8548e0d64ee,99459306.0,2023-09-05 05:09:35
R_b2VA9sbD0JIyKWJ,37759.0,000273d3d9--64f702dc93b2e8548e0adf2f,39005047.0,2023-09-05 05:29:52
R_3eeoJntyrUMZWEh,24720.0,000273d3d9--64f7077fdc9e7c62a7f77075,25535760.0,2023-09-05 05:32:00
R_aV1TkHZ3C4l0n5v,80497.0,000273d3d9--64f70bfde4b52a459d1d17a1,83153401.0,2023-09-05 05:32:57
R_2VHKARmZSG2TX3r,50783.0,000273d3d9--64f70ad2e4b52a459d1cc135,52458839.0,2023-09-05 05:36:51
R_3fvKBiXTLRgYF80,39532.0,000273d3d9--64f70c282c4aab746618b6ff,40836556.0,2023-09-05 05:37:15
R_22xY1v1EgELLr0S,90112.0,000273d3d9--64f70cf622fc2e183438fc70,93085696.0,2023-09-05 05:38:17
R_TcKVTPu2uM9OJSV,59115.0,000273d3d9--64f70d68825a490df9c360dc,61065795.0,2023-09-05 05:43:34
R_p5eNJu6SwUXU425,82082.0,000273d3d9--64f70fe0dc9e7c62a7f9cbd0,84790706.0,2023-09-05 05:44:52
R_xGI9XJKUVvt3CIF,50577.0,000273d3d9--64f70f1493b2e8548e0f6f2d,52246041.0,2023-09-05 05:45:05
R_2R9VUBdv5ymNkEt,79909.0,000273d3d9--64f70f73a2802a58f7f36ae5,82545997.0,2023-09-05 05:48:11
R_1q9BudxFAzq3s6Y,73753.0,000273d3d9--64f71937e4b52a459d202fe3,76186849.0,2023-09-05 06:30:47
R_1gMauNI06AIgnmX,47174.0,000273d3d9--64f717dbacf8586eb9c9d729,48730742.0,2023-09-05 06:35:41
R_3ERN55nwTlPHjag,19782.0,000273d3d9--64f712392c4aab74661a34e9,20434806.0,2023-09-05 06:37:40
R_3rIpZbnnevQ6CdZ,52790.0,000273d3d9--64f716eddc9e7c62a7fb836d,54532070.0,2023-09-05 06:42:18
R_3G6vVNorb1jPdhW,57723.0,000273d3d9--64f71d70dc9e7c62a7fd5659,59627859.0,2023-09-05 06:44:26
R_2xzv4P7ppiLufmQ,19046.0,000273d3d9--64f7153f2c4aab74661b129d,19674518.0,2023-09-05 06:47:19
R_2QnUMdJNxROcxxY,29002.0,000273d3d9--64f71ce52c4aab74661de6f2,29959066.0,2023-09-05 06:50:17
R_1hNpUhXLaxxX5ZN,22827.0,000273d3d9--64f72171acf8586eb9ccf43b,23580291.0,2023-09-05 06:51:41
R_2s7qzd4398Qe6Kt,80580.0,000273d3d9--64f71eb24faee81cfb5d209f,83239140.0,2023-09-05 06:58:11
R_3Jn3zgiut0MJ4c8,78114.0,000273d3d9--64f720332c4aab74661f1106,80691762.0,2023-09-05 07:02:46
R_5vFwO0vhvqifg6B,22235.0,000273d3d9--64f721a8a2802a58f7f7e211,22968755.0,2023-09-05 07:05:03
R_2Egyu73pPR3jRiu,83517.0,000273d3d9--64f7253ba2802a58f7f8b87a,86273061.0,2023-09-05 07:18:39
R_1GJHF7igBIM7rh0,93944.0,000273d3d9--64f723720faa1a007be8209c,97044152.0,2023-09-05 07:34:38
R_10OEAz2XQbN7zqF,43252.0,000273d3d9--64f72c0f825a490df9cb4810,44679316.0,2023-09-05 07:42:52
R_sNj4OSzKJlYbQjf,42613.0,000273d3d9--64f72b6facf8586eb9cfd7ca,44019229.0,2023-09-05 07:44:37
R_3oQRVIiajziXTgy,84143.0,000273d3d9--64f72a2e93b2e8548e1a5a92,86919719.0,2023-09-05 07:46:14
R_2fdqeHoln9EU9QQ,65477.0,000273d3d9--64f72e8ba2802a58f7faecfd,67637741.0,2023-09-05 07:48:17
R_3e50BqKc4bd7KDQ,55257.0,000273d3d9--64f72f29b5ed2a382b480101,57080481.0,2023-09-05 07:51:06
R_1Q3moa4R3IbKSoo,74701.0,000273d3d9--64f72ee547ad97706cb28203,77166133.0,2023-09-05 07:51:59
R_3WYd0E2wLiytfmV,33824.0,000273d3d9--64f72e90e4b52a459d25ae44,34940192.0,2023-09-05 07:59:53
R_3stxyJjK5YG9PRe,13710.0,000273d3d9--64f72e05825a490df9cbc873,14162430.0,2023-09-05 08:00:12
R_1LSQcKil3lsFOls,62057.0,000273d3d9--64f71dbea2802a58f7f6d297,64104881.0,2023-09-05 08:12:03
R_tSYbY8AdvzyORdn,73310.0,000273d3d9--64f72f3793b2e8548e1be702,75729230.0,2023-09-05 08:21:17
R_1GTg1faA3qyUEt0,94993.0,000273d3d9--64f72cefe4b52a459d25524d,98127769.0,2023-09-05 08:26:07
R_3hEz6Zlr5ghfXo6,20115.0,000273d3d9--64f730aee4b52a459d26221e,20778795.0,2023-09-05 08:42:59
R_6xvD8JBXHpTjJ7z,88289.0,000273d3d9--64f746b440aa1b286254820f,91202537.0,2023-09-05 09:28:50
R_2Y578oErQCwvj6z,55558.0,000283ca21--6553e16883a7fd7c2eaa8f98,57391414.0,2023-11-14 14:35:44
R_3PZEnSt2v0uVVbj,44453.0,000283ca21--6553e4f6f1170811bb7576ce,45919949.0,2023-11-14 14:51:41
R_1IJVEcDmIVljraG,66319.0,000283ca21--6553e6ba09e30a60624ccdc6,68507527.0,2023-11-14 14:53:27
R_3k51boOBlB0g4TR,62815.0,000283ca21--6553e355e7e57c440c54bd6f,64887895.0,2023-11-14 15:01:54
R_ZatdX4SMN5lA6eR,51577.0,000283ca21--6553e22209e30a60624bd4a3,53279041.0,2023-11-14 15:15:05
R_3LZshMEDjvUxaJE,77767.0,000283ca21--6553e8053e271b2018960233,80333311.0,2023-11-14 15:15:32
R_sHkAl0wFjegg8yB,22492.0,000283ca21--6553e0a71d871c6a8669f1e5,23234236.0,2023-11-14 15:20:49
R_3P4xtoL6D5YAhbK,90315.0,000283ca21--6553eb53f1170811bb769e18,93295395.0,2023-11-14 15:35:55
R_3ksHDwvfV5tLNx6,94271.0,000283ca21--6553f94a1d871c6a866eb00f,97381943.0,2023-11-14 16:19:03
R_1DpRgu4milGKM1p,65001.0,000283ca21--6553faeb83a7fd7c2eafaa61,67146033.0,2023-11-14 17:03:18
R_3qz20iHuhZCS4WK,18485.0,000283ca21--65540caee7e57c440c5c6269,19095005.0,2023-11-14 18:17:52
R_bEqcTBfT13rr29j,69330.0,000283ca21--65541f011d871c6a8674ef0d,71617890.0,2023-11-14 19:38:29
R_qOXSuIfHI4r30kh,24353.0,000283ca21--65543dbbf1170811bb85ff93,25156649.0,2023-11-14 21:11:42
R_2z61IQPuFdaxyHC,99650.0,000283ca21--655432f883a7fd7c2eb8cebd,102938450.0,2023-11-14 21:43:16
R_27louPLSFQxkg8p,91352.0,000283ca21--655447a1dd465d4d2f5ac72f,94366616.0,2023-11-14 21:45:03
R_1ot1mfdVIrC35DM,13334.0,000283ca21--655449873e271b2018ab9169,13774022.0,2023-11-14 21:58:33
R_211HOxUe8VMcqcc,89664.0,000283ca21--65546e29a65f15540be7a75c,92622912.0,2023-11-15 00:27:11
R_3HAZjLNwl4D5rkt,81469.0,000283ca21--65546c7d3e271b2018b59a91,84157477.0,2023-11-15 00:30:55
R_6tfXTXT5SCFW5qx,42201.0,000283ca21--6554749d8d4c1e6326b57c65,43593633.0,2023-11-15 00:58:52
R_AEQg5pMnYcYRjBD,41143.0,000283ca21--65547a62e7e57c440c7404cd,42500719.0,2023-11-15 01:15:11
R_1GQeWCVXxHtE7Mw,77926.0,000283ca21--65547aace7e57c440c7414ba,80497558.0,2023-11-15 01:34:20
R_1n2Sy3GVRT1njmt,60702.0,000283ca21--655483301d871c6a868a5288,62705166.0,2023-11-15 02:27:54
R_d9XEfDhMIME4dVv,50846.0,000283ca21--65549ce7a65f15540bf36e69,52523918.0,2023-11-15 04:53:14
R_23X2u3EBYUR2qRg,62728.0,000283ca21--6554b4e6eb1c9429b09c56b7,64798024.0,2023-11-15 05:45:58
R_1ifmXkZCFRqjFOy,39273.0,000283ca21--6554ba7649f5e4735e82059c,40569009.0,2023-11-15 06:24:25
R_2P12ZnLzPjsTthF,35365.0,000283ca21--6554ca32b2fed3736a48ec55,36532045.0,2023-11-15 07:28:36
R_22mOc27CSKfOiG6,81640.0,000283ca21--6554f3c101759f0b1d2eac2e,84334120.0,2023-11-15 10:06:58
R_1ig7DPEpliqtyPd,55135.0,000283ca21--6554ddd758271467766c030f,56954455.0,2023-11-15 10:13:16
R_b7rKLO6A2MltGZH,59433.0,000283ca21--6554e6492cd11f5b34909a62,61394289.0,2023-11-15 10:34:05
R_2CfGsyJ9J3kdC2l,71505.0,000283ca21--6554fc39bbf5b0463736bddc,73864665.0,2023-11-15 10:42:03
R_27x9FbjhtxltqvA,30375.0,000283ca21--6555002b01759f0b1d316aa3,31377375.0,2023-11-15 11:12:54
R_1memzbdvNaGRdPo,55625.0,000283ca21--655515abf6913e6095181e9f,57460625.0,2023-11-15 12:41:22
R_5mN8LQKKAeh89Cp,39430.0,000283ca21--6555155a27e10a5e2b5d08b7,40731190.0,2023-11-15 13:07:33
R_1X4j5MGnwz5HgBP,17173.0,000283ca21--65551f8dbbf5b046373e99f8,17739709.0,2023-11-15 13:48:53
R_3DoLTKt9BL7kAWl,29418.0,000283ca21--655553f449f5e4735eaa61c3,30388794.0,2023-11-15 16:48:08
R_1Lq8OJZrgTC2f3f,94871.0,000283ca21--6555b17eeb1c9429b0d3584e,98001743.0,2023-11-15 23:44:40
R_3oMJudZu8LBcSdx,48045.0,000283ca21--65561497857ac53755ff93f6,49630485.0,2023-11-16 06:59:24
R_3hxSOSXmeBOg5ou,92494.0,000283ca21--65579d183195d84a75b0bf3e,95546302.0,2023-11-17 10:30:19
R_1IiQNCUcldFiCSJ,74889.0,000283ca21--6559b4703ae7885bce265108,77360337.0,2023-11-19 01:05:48
R_2eW1yXaeIvOVXtf,68182.0,000283ca21--655bd89389e0243cc3803aa0,70432006.0,2023-11-20 15:36:33
R_3CZw83V1cEr5rZu,37235.0,000283ca21--655d175e89e0243cc3c4ae31,38463755.0,2023-11-21 16:52:01
R_3HUlze2HhticKmO,19398.0,000283ca21--655f20c6392774054e9963ae,20038134.0,2023-11-23 05:10:39
R_2rAusALnrJOYUsi,61589.0,000283ca21--655f486f10af5c4b9c68d5f4,63621437.0,2023-11-23 06:39:16
R_4JHBFrajdfnPbaN,96775.0,000283ca21--656119d8d5de366be20c77f8,99968575.0,2023-11-24 15:18:54
R_3FWpqz9a2b1h2fa,59714.0,000283ca21--6562590839b0b366e97dea58,61684562.0,2023-11-25 14:18:59
R_2yszu34JdRUoMbr,31838.0,000283ca21--656263b0ac2f37319238716f,32888654.0,2023-11-25 15:07:14
R_12RvbQbVWEK1OKc,22275.0,000283ca21--6563042e19b7861c4a75c031,23010075.0,2023-11-26 02:23:01
R_eDlEkzt9MV82QVj,39752.0,000283ca21--65662cfd72d52b5a02125479,41063816.0,2023-11-28 11:53:22
R_2zRZQlxbOnpfwZo,51382.0,000283ca21--6567488c13343710bed49a60,53077606.0,2023-11-29 07:41:51
R_AKVDsxpyTvwltjX,70260.0,000283ca21--656a194ede57091f56393bd5,72578580.0,2023-12-01 11:02:17
R_31bFIlBMJD7AMe4,53688.0,000283ca21--656a26d4c9b54b3177ea0c33,55459704.0,2023-12-01 11:58:25
R_ZsG1sRI8ls1BsGZ,27360.0,000283ca21--656d5d8de89d5172330ed272,28262880.0,2023-12-03 22:30:25
R_125PWKVuQuEkjSL,81707.0,000283ca21--656d85c3355626288e2b8c3b,84403331.0,2023-12-04 01:08:35
R_2vdBbmRwRwHXU15,38125.0,000283ca21--656d85b7ab84697810e3d694,39383125.0,2023-12-04 01:14:47
R_1QgWVcrLpKVvAdv,24656.0,000283ca21--656d978ade57091f56e94365,25469648.0,2023-12-04 02:24:13
R_1OCVgPma8vNZXQB,21931.0,000283ca21--656d9ba0499674218aecbfc6,22654723.0,2023-12-04 02:40:15
R_puFk1Nwh5EwOVyN,49568.0,000283ca21--656d95ee89a2b22ad4c8df00,51203744.0,2023-12-04 02:42:46
R_3qUsDPgkfIzLVI2,99360.0,000283ca21--656dc36516b8cb68b822e71f,102638880.0,2023-12-04 05:48:27
R_1Iscoa5psEowOmM,44521.0,000283ca21--656dbedb259151619f29aa38,45990193.0,2023-12-04 05:54:03
R_2fxI0K1fvziofso,46984.0,000283ca21--656dc2b916b8cb68b822ba44,48534472.0,2023-12-04 06:01:09
R_2zNl0ZvyZvslG2I,84987.0,000283ca21--656dc5a1e89d517233265ba4,87791571.0,2023-12-04 06:01:45
R_VIFNCkSiEpozxfj,12345.0,000283ca21--656dc951de57091f56f670b3,12752385.0,2023-12-04 06:07:35
R_2tg5jGL2MDb0ZNu,24976.0,000283ca21--656dc68bde57091f56f5a4f3,25800208.0,2023-12-04 06:50:29
R_Avt4ibmRy2tOzcd,51810.0,000283ca21--656ddcfdde57091f56fb3a2b,53519730.0,2023-12-04 07:25:47
R_ZfTwdwm70bAw3S1,64853.0,000283ca21--656de184f398366bec00b06e,66993149.0,2023-12-04 07:41:53
R_eXx0qe9faqz652N,31880.0,000283ca21--656de1bf89a2b22ad4da576e,32932040.0,2023-12-04 07:45:01
R_cIpuJqp7xBQfmlH,83400.0,000283ca21--656de7eff398366bec01e1e7,86152200.0,2023-12-04 08:13:21
R_1NkpS69pdKn7DcZ,92726.0,000283ca21--656de89e16b8cb68b82b0183,95785958.0,2023-12-04 08:13:41
R_OBj9b1EENBjCIOl,89812.0,000283ca21--656ded16499674218afda6d6,92775796.0,2023-12-04 08:55:29
R_2cC5AuhuSUTTM6O,99077.0,000283ca21--656dfc9b14a0511ba320966f,102346541.0,2023-12-04 09:37:18
R_3MDv6hW7Z48K9dd,95530.0,000283ca21--656e018889a2b22ad4dfcb0c,98682490.0,2023-12-04 10:01:10
R_3OlboMHdlPkASTC,85306.0,000283ca21--656e089eab84697810fdaf6c,88121098.0,2023-12-04 10:28:07
R_27xtShALtF1N8Sh,76697.0,000283ca21--656e0b1b89a2b22ad4e1605c,79228001.0,2023-12-04 10:37:03
R_3rNv8ZETIT46lS2,33195.0,000286f801--656e17a516b8cb68b8338fb1,34290435.0,2023-12-04 11:29:24
R_0BvZ6rccHPgQ6rv,86829.0,000286f801--65701ae28b58187b6eaef7b0,89694357.0,2023-12-06 00:26:58
R_sz0MgyOvSznYngl,66565.0,000286f801--6570a43635c0847139aa8f2d,68761645.0,2023-12-06 10:05:05
R_2Xj0fHZNGPtQ5jF,30146.0,000286f801--6570b85b6028e5595efdbdd6,31140818.0,2023-12-06 11:32:39
R_1f2DxzuSRzOdcJX,25961.0,000286f801--65720ba0028ebc75b6a3c0f5,26817713.0,2023-12-07 11:54:50
R_1mxZ1qNKGI2iea7,47124.0,000286f801--6572c71573a0455e0172a551,48679092.0,2023-12-08 01:20:27
R_1ly2lTgd8HMWCgp,47661.0,000286f801--6572e4584dbe102e63afc6ba,49233813.0,2023-12-08 03:09:19
R_p58X9DokQcDeBmp,31019.0,000286f801--65736973e121ea51c3d28d2e,32042627.0,2023-12-08 12:28:35
R_3P4UGguPhW8p0Ll,25960.0,000286f801--6575efce7164fe6afe96e118,26816680.0,2023-12-10 10:41:21
R_2CBRCQWZs4rKeT6,25751.0,000286f801--657765f944d70a20502f0e1a,26600783.0,2023-12-11 13:23:18
R_3G8KHu8oWASfNWo,83079.0,000286f801--6579a10b028ebc75b638b8d9,85820607.0,2023-12-13 05:46:59
R_7G6C99ATbf4NH6Z,94122.0,000286f801--657f181a089e261ed4bc0fa2,97228026.0,2023-12-17 09:42:16
R_5fDqaLX24FpuHLx,41792.0,000286f801--657f851cc0e8b1306b897aed,43171136.0,2023-12-17 17:23:34
R_5jIWVYtvzS5eykV,85277.0,000286f801--658a7a3f44e82c137b9cc6fe,88091141.0,2023-12-26 01:08:10
R_2JrvFwdvlt9XCHU,97403.0,000286f801--658b7d0b44e82c137bc62481,100617299.0,2023-12-26 19:10:27
R_3mb2tyJN0nTLG7E,43412.0,000286f801--658c15885c46e7242719cf2e,44844596.0,2023-12-27 05:41:41
R_1ONeTylMzlLB8Pv,82275.0,000286f801--658c29005c46e724271ce591,84990075.0,2023-12-27 07:15:57
R_47eP5B2Pig4l0nh,97813.0,000286f801--658d47395c46e72427459550,101040829.0,2023-12-28 04:04:42
R_6TRl6rG37EInISD,65249.0,000286f801--659686662e91040508e358df,67402217.0,2024-01-04 04:05:50
R_8R8FgIZ39NDUzV5,49160.0,000286f801--659eaf9751445f61128bb584,50782280.0,2024-01-10 08:16:48
R_1mUbZJCsMZGe1kq,43337.0,000286f801--659eafbe07cbe62da5d82cec,44767121.0,2024-01-10 08:24:51
R_25L0rK65iQPivAJ,30297.0,000286f801--659eafeb07cbe62da5d8321b,31296801.0,2024-01-10 08:34:56
R_3qu1s8VYB6nU2KB,63357.0,000286f801--659eb01e6751536cb8ebfbf5,65447781.0,2024-01-10 08:37:49
R_4EyTQv8qUlJmqYK,62333.0,000286f801--659eb1e06751536cb8ec4279,64389989.0,2024-01-10 08:38:16
R_4uKEiMb6lZSmKUf,14595.0,000286f801--659eb2d47571f44604dcf71f,15076635.0,2024-01-10 08:49:41
R_2uheNJEiG3Eyfjr,50021.0,000286f801--659eafc27571f44604dc88b3,51671693.0,2024-01-10 09:00:12
R_7ccRreoL914yiGZ,45360.0,000286f801--659eb779f7ca8e11652d6e2f,46856880.0,2024-01-10 09:05:26
R_7wKN0zqCDEUWl44,24633.0,000286f801--659eb2c47571f44604dcf530,25445889.0,2024-01-10 09:08:01
R_2G7cwrF5YcTr14I,72847.0,000286f801--659eb989f7ca8e11652dbf39,75250951.0,2024-01-10 09:09:19
R_82rJMOWRzwM23Jp,13628.0,000286f801--659eb9ae07cbe62da5da16e3,14077724.0,2024-01-10 09:40:23
R_2X7rc0mbMYqku3G,62639.0,000286f801--659ec85a8dfe8b62f25c5f1c,64706087.0,2024-01-10 10:03:29
R_5cRK9lcSwAxdHM1,27301.0,000286f801--659ecbed8db9654e90041c22,28201933.0,2024-01-10 10:08:18
R_6CyxVdjAGHszVMN,80013.0,000286f801--659ec7bc14c7c70ebcf498aa,82653429.0,2024-01-10 10:15:17
R_2JrwCfXnG1KWWYx,26348.0,000286f801--659ec6a48dfe8b62f25c1f38,27217484.0,2024-01-10 10:18:48
R_2vZJ4QlNxSC6UEo,59384.0,000286f801--659ed02cb062d60448908230,61343672.0,2024-01-10 10:27:06
R_7w6OgPiJHQgHhbH,10106.0,000286f801--659edaa78dfe8b62f25ea5d4,10439498.0,2024-01-10 11:22:54
R_41XV5VbJ7ja4ivG,72765.0,000286f801--659ed6af8dfe8b62f25e2723,75166245.0,2024-01-10 11:55:08
R_4f8C2vOtOufncR3,26451.0,000286f801--659ef9058db9654e90094b45,27323883.0,2024-01-10 13:42:27
R_8RX4tcNF49LsLdr,64794.0,000286f801--659ef7d98db9654e90092f84,66932202.0,2024-01-10 13:53:24
R_2VF7c0wc59VY7Xm,35957.0,000286f801--659f0090b062d60448959ff9,37143581.0,2024-01-10 14:31:55
R_2j8BXf8CfPdfe2l,80944.0,000286f801--659f72a6b062d604489c1883,83615152.0,2024-01-10 22:25:25
R_4jwTfhPvm9mduBT,78439.0,000286f801--659f86ba8dfe8b62f26b01d3,81027487.0,2024-01-10 23:56:04
R_5NDkwHtAONqWVN7,89164.0,000286f801--659f9e9b14c7c70ebc0545af,92106412.0,2024-01-11 01:24:54
R_2vYAGM2UY5O7Kal,33536.0,000286f801--65d1281e1a387e66489358de,34642688.0,2024-02-17 15:08:59
R_4r25lIYLuT8Lem7,28002.0,000286f801--65d129263714483328498692,28926066.0,2024-02-17 15:11:50
R_1Q5QZlYPi01yyxk,77062.0,000286f801--65d127efc70b7c68ae29cc40,79605046.0,2024-02-17 15:21:41
R_5dt2wZsVI1JZGSP,73313.0,000286f801--65d12b9e51a9b727d70974b3,75732329.0,2024-02-17 15:51:48
R_4e5dlZ0PyhhADwb,39559.0,000286f801--65d12e111a387e664893ac45,40864447.0,2024-02-17 15:53:24
R_1u9s1lOAfdqEK9r,86860.0,000286f801--65d13215371448332849f797,89726380.0,2024-02-17 16:09:17
R_3S2mb8nK05TkrJF,56171.0,000286f801--65d134bbc70b7c68ae2a7c4a,58024643.0,2024-02-17 16:38:23
R_3lQtwADfYZQnreo,67913.0,000286f801--65d1398337144833284a4bff,70154129.0,2024-02-17 16:41:21
R_46yqccmKMNAUHXH,49393.0,000286f801--65d13c891a387e66489464ad,51022969.0,2024-02-17 17:09:34
R_6mJL2T32QFjCtjo,50014.0,000286f801--65d1535051a9b727d70b16e5,51664462.0,2024-02-17 18:49:01
R_8X0PnBWjION9rd9,44474.0,000286f801--65d17aa21a387e66489733d8,45941642.0,2024-02-17 21:49:35
R_2WgdMS98YkHrisp,44435.0,000286f801--65d18a5637144833284d950d,45901355.0,2024-02-17 22:37:15
R_8uQK7WBCGvqwsc2,82673.0,000286f801--65d1928437144833284edc8f,85401209.0,2024-02-17 22:53:16
R_4R9UteHBe9ayiJ5,15636.0,000286f801--65d1a03d37144833284f7edb,16151988.0,2024-02-17 23:49:37
R_1bUYUYTPSGOtxEb,57676.0,000286f801--65d1a8d537144833284ff718,59579308.0,2024-02-18 00:22:32
R_5ZKbPUIV1Y9wQmP,92233.0,000286f801--65d1ad1a37144833285030ef,95276689.0,2024-02-18 00:26:11
R_28XNubjgCIIleZW,69826.0,000286f801--65d1a91a37144833284ffa94,72130258.0,2024-02-18 00:31:39
R_665iCsJqLcWP0xX,46398.0,000286f801--65d1ab7a730d7d77564fff40,47929134.0,2024-02-18 00:44:32
R_5npwRlLlx3svZj5,15583.0,000286f801--65d1b673371448332850fa77,16097239.0,2024-02-18 01:40:30
R_2ZIdYYWhU06CDpv,66102.0,000286f801--65d1bc2d1a387e66489c48fe,68283366.0,2024-02-18 02:32:58
R_4WxaZZlJgLGfBnw,63322.0,000286f801--65d1dc5551a9b727d7138c5b,65411626.0,2024-02-18 04:48:48
R_5MJARxl4jHzRt8R,45501.0,000286f801--65d1e4a4c70b7c68ae36ab9f,47002533.0,2024-02-18 04:49:11
R_2JKqiMcfWrGHeVV,54680.0,000286f801--65d1ebeec70b7c68ae3768ec,56484440.0,2024-02-18 04:57:14
R_4OQcBAkXpSczBm2,13214.0,000286f801--65d1ead4c70b7c68ae3749fe,13650062.0,2024-02-18 05:09:26
R_8FgJFiRKsqLYiqK,80790.0,000286f801--65d1eebdc70b7c68ae37dc37,83456070.0,2024-02-18 05:22:40
R_6xJh3ZBwnT0TwBd,42835.0,000286f801--65d1ed1851a9b727d7151c22,44248555.0,2024-02-18 05:29:52
R_4PiWn2QqnFp6cGB,70355.0,000286f801--65d1f38851a9b727d715d783,72676715.0,2024-02-18 05:56:45
R_3QL92yMKERl7i6k,42869.0,000286f801--65d1fecc371448332857bde2,44283677.0,2024-02-18 06:45:07
R_4cZHn4bOqZTb9MV,98640.0,000286f801--65d204d137144833285845c2,101895120.0,2024-02-18 06:50:26
R_4RvUS1JX9NZbkXG,78637.0,000286f801--65d20a141a387e6648a3f54e,81232021.0,2024-02-18 07:27:12
R_5qmxUer5fSPZ4Ma,51553.0,000286f801--65d209dbc70b7c68ae3abf0d,53254249.0,2024-02-18 07:38:55
R_4j4VM634eFPUuGd,70415.0,000286f801--65d21645730d7d7756594b9a,72738695.0,2024-02-18 08:16:42
R_6oHofBG3bSuWQG6,78861.0,000286f801--65d21f1037144833285a665e,81463413.0,2024-02-18 08:49:43
R_4ah15WcnqR3Cf8L,43773.0,000286f801--65d230e5c70b7c68ae3e8332,45217509.0,2024-02-18 09:52:33
R_4ND0Inp2liB2wvv,48707.0,000286f801--65d2308251a9b727d71b0778,50314331.0,2024-02-18 10:19:36
R_5CUb9vi6MuauvaS,54970.0,000286f801--65d3564a51a9b727d730a2f1,56784010.0,2024-02-19 06:54:27
R_5RjFippwPAGdvEM,4197.0,bot_SV_eUHQR9fgYjK9OWW_f28d4629-66c8-483d-8d10-88c8dc15ff18,4335501.0,2024-02-26 05:51:33
R_6JUR9nyWXuNEzVC,1325.0,bot_SV_eUHQR9fgYjK9OWW_16eadba3-2b2b-47cb-a1f0-9e98c60b8708,1368725.0,2024-02-26 08:26:46
R_2XCfJduns6bXoHv,3837.0,bot_SV_eUHQR9fgYjK9OWW_1c071aaa-0ee8-4aca-8fd6-161e186cede0,3963621.0,2024-02-26 08:32:58
R_5fknVSth3ctQglX,5431.0,bot_SV_eUHQR9fgYjK9OWW_0ca5bd1d-90e6-4c9a-8ef7-d34c5f06ee97,5610223.0,2024-02-26 08:34:58
R_8y1xSQ9qBOKjCIH,9542.0,bot_SV_eUHQR9fgYjK9OWW_313c753e-df7a-4206-b996-aa3402e48e37,9856886.0,2024-02-26 08:35:16
R_5QMPst8909dFOLK,2525.0,bot_SV_eUHQR9fgYjK9OWW_28cea368-64c7-40c1-b386-5e9dbb00f60f,2608325.0,2024-02-26 08:49:53
R_41oKvzh4lzk7736,1763.0,bot_SV_eUHQR9fgYjK9OWW_cae027f3-1b0c-421c-bab3-92679ca5c3e7,1821179.0,2024-02-26 08:51:05
R_6eKawVuozhQc9DO,9232.0,bot_SV_eUHQR9fgYjK9OWW_8d6911e3-0cd5-41a8-b2d8-16536e7bde22,9536656.0,2024-02-26 08:53:07
R_7LkGocvQ76iGIVr,7547.0,bot_SV_eUHQR9fgYjK9OWW_6fb59374-653a-4519-b7e3-c961212b1348,7796051.0,2024-02-26 09:00:59
R_2pWhvcRWGj6lk4U,8813.0,bot_SV_eUHQR9fgYjK9OWW_ef09cd96-6bad-4919-945e-0a246e2e24c1,9103829.0,2024-02-26 09:06:51
R_7nGdCAgdTUpjr4v,9001.0,bot_SV_eUHQR9fgYjK9OWW_752f3663-df34-4505-800d-58192a01ceb5,9298033.0,2024-02-26 09:25:01
R_6bJFuMqke1HMqtF,9739.0,bot_SV_eUHQR9fgYjK9OWW_7f4f90f5-8a16-4aed-981d-b55dc62f596d,10060387.0,2024-02-26 09:36:58
R_8eS6vWfedtYWcfM,7977.0,bot_SV_eUHQR9fgYjK9OWW_cf039094-73e6-4fbe-81a8-8b6d060d074f,8240241.0,2024-02-26 09:56:20
R_1gcL653mqM9IpJs,7983.0,bot_SV_eUHQR9fgYjK9OWW_6faac871-f7b5-435d-9f8e-2de81b40868b,8246439.0,2024-02-26 10:08:52
R_8QmI9z45B5tFnnl,5907.0,bot_SV_eUHQR9fgYjK9OWW_ad532f28-0bd0-4093-b86b-8d274147ca25,6101931.0,2024-02-26 10:25:07
R_2hQH5Wy3PpsOSoC,9186.0,bot_SV_eUHQR9fgYjK9OWW_04234cdd-d480-4773-90c0-8ee1f3844e24,9489138.0,2024-02-26 11:40:56
R_6FPyL5FROkxUc2T,6388.0,bot_SV_eUHQR9fgYjK9OWW_cd4814a5-9a55-45ff-8b12-15bcf772923d,6598804.0,2024-02-26 14:05:06
R_8dLoVB3ZrIjygRo,4939.0,bot_SV_eUHQR9fgYjK9OWW_99f30c0f-ca60-4aee-a5cf-a21a4e346dcc,5101987.0,2024-02-26 16:47:52
R_1mUAOckMdW1axW0,4217.0,bot_SV_eUHQR9fgYjK9OWW_aa416cf1-f63a-4f45-84d9-da768e6b0b88,4356161.0,2024-02-27 01:31:21
R_3KjRnMa33xOSElX,5439.0,bot_SV_eUHQR9fgYjK9OWW_a9548c95-cd79-4736-82ba-ee230beb8822,5618487.0,2024-04-11 13:27:47
R_2r0yvzhdvoemzxF,3323.0,bot_SV_eUHQR9fgYjK9OWW_1bd98d80-24dc-4943-be7c-77bfa5130f9f,3432659.0,2024-04-11 13:33:26
R_8sobFhX6HrFn7Bz,8293.0,bot_SV_eUHQR9fgYjK9OWW_ffd914fd-8822-432c-b517-771b92e82373,8566669.0,2024-04-11 13:33:40
R_2lRgSGW1YruuMZx,9697.0,bot_SV_eUHQR9fgYjK9OWW_46e643da-3d2d-4bce-93d0-fce6ee0dc92d,10017001.0,2024-04-11 13:34:08
R_1S7jnErb0bsFMZl,2925.0,bot_SV_eUHQR9fgYjK9OWW_03aa52bb-2bb3-4807-8cb5-457e412c0b07,3021525.0,2024-04-11 13:38:01
R_2PXeLpoopxvIsrK,7339.0,bot_SV_eUHQR9fgYjK9OWW_b75463a5-4f61-457e-93e0-ac6ccdcfc0c5,7581187.0,2024-04-11 13:42:53
R_2lL9IRmZFSF7MTn,4490.0,bot_SV_eUHQR9fgYjK9OWW_09e024be-daf4-4f1e-b1cb-57275bfc534d,4638170.0,2024-04-11 14:33:01
R_5lSqFJLvB9nYzIy,7474.0,bot_SV_eUHQR9fgYjK9OWW_12d0489e-984f-4fdf-9f5f-7f6a0c793616,7720642.0,2024-04-11 14:35:45
R_3jcDcMCd54haDtl,5783.0,bot_SV_eUHQR9fgYjK9OWW_a1dc58d3-dd90-4b98-8495-ab82a15c0d09,5973839.0,2024-04-11 15:40:46
R_1NUoIJ9fi2QccSS,1108.0,bot_SV_eUHQR9fgYjK9OWW_39d2b89d-b126-49e9-b90d-6dddb1520b1c,1144564.0,2024-04-11 15:41:08
R_2OZEqpP4oPA4k5X,4320.0,bot_SV_eUHQR9fgYjK9OWW_3f8d4315-f3e1-4e1a-a9bf-9f077d98d549,4462560.0,2024-04-11 15:41:38
R_36uEqTqeLBattOp,7295.0,bot_SV_eUHQR9fgYjK9OWW_fa2834b0-117e-4f66-b675-d2c5e53fce95,7535735.0,2024-04-11 15:43:28
R_1EbakJu4AK1oqtc,9409.0,bot_SV_eUHQR9fgYjK9OWW_979ff66f-2f5f-42ed-8219-e5a91c11242c,9719497.0,2024-04-11 15:50:19
R_2cpy4FawNoxsZn3,1639.0,bot_SV_eUHQR9fgYjK9OWW_1278da3a-4c29-46c8-a10a-1bda42f36d55,1693087.0,2024-04-11 16:15:49
R_4aQrN2REwquk13i,7859.0,bot_SV_eUHQR9fgYjK9OWW_9058ab03-d1d5-4183-a5e8-89d6e5eee5b3,8118347.0,2024-04-11 16:18:46
R_2tE7aKir03iPMO2,7039.0,bot_SV_eUHQR9fgYjK9OWW_cf542a23-c187-42fa-8447-650e313dd838,7271287.0,2024-04-11 16:20:13
R_31BFFEqQpCw5Iel,9927.0,bot_SV_eUHQR9fgYjK9OWW_f8bce7ec-51f0-4c25-b502-f21e3eae54b7,10254591.0,2024-04-11 16:20:38
R_1iKZ134zogX6UR1,6439.0,bot_SV_eUHQR9fgYjK9OWW_9a6e3ebe-3de5-446a-986d-f1d89a5479c5,6651487.0,2024-04-11 16:31:24
R_6BtXkpSbPWYIE7L,7924.0,bot_SV_eUHQR9fgYjK9OWW_d19dcb89-a3e5-41c4-bc4d-4875732bde8f,8185492.0,2024-04-11 17:28:01
R_5JdPhbmoLy5psVm,5016.0,bot_SV_eUHQR9fgYjK9OWW_bea3182a-9586-4eab-9986-8b1a4d863c4b,5181528.0,2024-04-11 20:46:07
R_2cUIlMiubI25NLz,9140.0,bot_SV_eUHQR9fgYjK9OWW_633d1e08-3139-4ef4-a2c2-47356b8c1e77,9441620.0,2024-04-11 21:36:52
R_4o1OAtoXOTPc6zk,6237.0,bot_SV_eUHQR9fgYjK9OWW_1f1edcb1-7bd2-41a3-89fc-5b38ce618264,6442821.0,2024-04-11 22:37:23
R_4SkOLQoKdqe0DsZ,5169.0,bot_SV_eUHQR9fgYjK9OWW_327ce2cd-05b4-4d54-a02b-6635498c16c9,5339577.0,2024-04-11 22:42:58
R_8X0Qm8sEUTa0t27,6446.0,bot_SV_eUHQR9fgYjK9OWW_5b40a810-381c-4cc8-9620-a246b368ee1d,6658718.0,2024-04-11 22:53:14
R_17ygsutCtcIhucF,6684.0,bot_SV_eUHQR9fgYjK9OWW_2569d4b2-8008-4918-b465-0b42cbc4c8c8,6904572.0,2024-04-11 23:07:47
R_1Ug81AmT1lPIDE8,9065.0,bot_SV_eUHQR9fgYjK9OWW_0b4d8d70-12fd-4d90-bbc5-5d57d744160e,9364145.0,2024-04-11 23:09:27
R_2siC7fgOI3ekuxU,1810.0,bot_SV_eUHQR9fgYjK9OWW_6e9aa09c-a5c2-4daf-85d0-50a3e2e6c87d,1869730.0,2024-04-11 23:14:50
R_2fnHsgRFlRcjagN,8966.0,bot_SV_eUHQR9fgYjK9OWW_6541c20a-1887-4b36-8238-3f8498e6f90f,9261878.0,2024-04-11 23:22:20
R_5OOBvLIkQKJI5NS,2273.0,bot_SV_eUHQR9fgYjK9OWW_7371006d-4d88-4fff-8c04-d2a2a42e6539,2348009.0,2024-04-11 23:25:24
R_8zGDluMelepIZXA,2496.0,bot_SV_eUHQR9fgYjK9OWW_7430cd50-c86d-4906-9dc8-6764240ef5ec,2578368.0,2024-04-11 23:59:18
R_1fiK0xeVC7ITuuS,5060.0,bot_SV_eUHQR9fgYjK9OWW_a21cf20f-5f52-4dee-8af1-4b64b0b93992,5226980.0,2024-04-12 00:03:53
R_4TVYWNj4aUsQXF7,4170.0,bot_SV_eUHQR9fgYjK9OWW_a9f89bc4-760f-4909-8a2f-80b25b619647,4307610.0,2024-04-12 00:10:44
R_3dfQb6eWMkknvRj,4045.0,bot_SV_eUHQR9fgYjK9OWW_055e86e8-8cb5-4054-8b66-9de0d0b4e363,4178485.0,2024-04-12 00:12:10
R_7wNFcvY0F30MGTD,7801.0,bot_SV_eUHQR9fgYjK9OWW_ec76f07c-6b66-49aa-b056-cda35e37e2ab,8058433.0,2024-04-12 00:16:56
R_2wcUdAMIBOFjocR,2553.0,bot_SV_eUHQR9fgYjK9OWW_326754aa-4525-425a-ab77-46e397867daa,2637249.0,2024-04-12 00:26:13
R_2BgesD26LfH1GdH,1737.0,bot_SV_eUHQR9fgYjK9OWW_e0b0850a-a7d7-43ec-a48b-9757f3524017,1794321.0,2024-04-12 00:35:11
R_2CJ0nYSsXeeoitj,7461.0,bot_SV_eUHQR9fgYjK9OWW_84609e99-1a70-4d28-88a1-6ecdcd00ec95,7707213.0,2024-04-12 01:00:48
R_8RSM0zWXcloEroB,4751.0,bot_SV_eUHQR9fgYjK9OWW_c8406aa1-c7ce-4ff9-92f5-f7c8840740b7,4907783.0,2024-04-12 01:12:33
R_7Uft6bGpjueGI3s,1991.0,bot_SV_eUHQR9fgYjK9OWW_6c0c3a9e-d1d8-40ef-8b2e-2dc3a828a3da,2056703.0,2024-04-12 01:17:18
R_3mfuZP0cvfuBnws,1602.0,bot_SV_eUHQR9fgYjK9OWW_e0c45fac-809a-43ea-97e2-6e46aa5976b2,1654866.0,2024-04-12 01:39:59
R_3Dvclswr3FkwsQd,4372.0,bot_SV_eUHQR9fgYjK9OWW_4d6efea5-36ea-44c2-82bc-b12ecb25d9d0,4516276.0,2024-04-12 01:40:19
R_1esF51fMHtZX2je,9061.0,bot_SV_eUHQR9fgYjK9OWW_db601d75-1987-46dc-bcb8-096bbc98083e,9360013.0,2024-04-12 01:46:21
R_5ngwaNFCyRizTEd,7164.0,bot_SV_eUHQR9fgYjK9OWW_2726d3fb-09cf-429b-a971-05c7f8e893ab,7400412.0,2024-04-12 01:46:58
R_2R1SFkEf0QLQpUV,1371.0,bot_SV_eUHQR9fgYjK9OWW_7b4a79de-b465-4032-9dad-aee75e912a3f,1416243.0,2024-04-12 01:48:41
R_15TK8EzQu3tdPTh,8211.0,bot_SV_eUHQR9fgYjK9OWW_5a901855-5733-4b4e-9abc-899a0cc8e7a1,8481963.0,2024-04-12 01:50:18
R_38Tih88yJ2rHyM6,2839.0,bot_SV_eUHQR9fgYjK9OWW_5190bbd4-5f9b-4dc2-808c-b98c0c66c3aa,2932687.0,2024-04-12 01:50:40
R_2CIwamFowHmcBGK,2750.0,bot_SV_eUHQR9fgYjK9OWW_c4fbeb6d-f100-4956-a37e-cf5edb5a8310,2840750.0,2024-04-12 01:51:11
R_3PssxyKKYcaUe3L,1017.0,bot_SV_eUHQR9fgYjK9OWW_b12ab5ea-7319-497c-82d6-63333aa90d09,1050561.0,2024-04-12 01:51:17
R_8d9S7nAddMW0QaY,7355.0,bot_SV_eUHQR9fgYjK9OWW_8b554974-4f50-48fd-8dad-2e2a23d6c3e3,7597715.0,2024-04-12 01:51:23
R_7pWCKyFhTykPu3M,1087.0,bot_SV_eUHQR9fgYjK9OWW_f59a5999-fa12-4d81-ba8a-2fd035a756b6,1122871.0,2024-04-12 01:55:41
R_5WH56zuvckkKS3v,9106.0,bot_SV_eUHQR9fgYjK9OWW_1ae81d15-86f7-42b6-8bef-6856d117379b,9406498.0,2024-04-12 01:55:50
R_7uCldKnygS3KFOV,5357.0,bot_SV_eUHQR9fgYjK9OWW_cf7b0742-1297-4748-8257-3aaf5c1d3899,5533781.0,2024-04-12 01:57:55
R_2PUgnxglQMRSwn9,3893.0,bot_SV_eUHQR9fgYjK9OWW_a051ea3f-c9b2-4d12-9b54-73013dd40552,4021469.0,2024-04-12 01:59:02
R_1ilCst1sFloWB2x,4716.0,bot_SV_eUHQR9fgYjK9OWW_56dacd73-8025-401e-a5c5-dee4f159cd3f,4871628.0,2024-04-12 02:00:43
R_7VMAoMKC92aA5c5,6384.0,bot_SV_eUHQR9fgYjK9OWW_1e3ce9de-178c-4785-a335-194f3e0ac8f8,6594672.0,2024-04-12 02:01:29
R_5gXwvqJGIwFdH6J,1460.0,bot_SV_eUHQR9fgYjK9OWW_46fe26e9-41b1-4c5d-b5cd-506f5cadc924,1508180.0,2024-04-12 02:03:19
R_4Qupy5xGJOB7MEU,5107.0,bot_SV_eUHQR9fgYjK9OWW_00c212e7-0731-49c9-9143-47b8b537b9be,5275531.0,2024-04-12 02:03:37
R_3UVkmFuBnuNyr0m,6352.0,bot_SV_eUHQR9fgYjK9OWW_04cc75d8-89fc-49e3-bd93-c462476b8970,6561616.0,2024-04-12 02:04:13
R_71p4ypIHWamh362,5438.0,bot_SV_eUHQR9fgYjK9OWW_c80530f0-fd18-47b6-ace8-4df850888014,5617454.0,2024-04-12 02:04:28
R_8PY1sgLcnkoOESl,6127.0,bot_SV_eUHQR9fgYjK9OWW_5fb7e1c4-450a-4d9c-9216-0b7279efd0a7,6329191.0,2024-04-12 02:05:27
R_6fjyPYLnwIm7EMS,9130.0,bot_SV_eUHQR9fgYjK9OWW_80254821-740c-4747-bf6b-6519743e7909,9431290.0,2024-04-12 02:07:25
R_5pgNK0Im3qzguxG,8086.0,bot_SV_eUHQR9fgYjK9OWW_8af00999-6e09-4d49-9c59-28be7bd6071e,8352838.0,2024-04-12 02:10:47
R_1V7MigR8krkZGni,2478.0,bot_SV_eUHQR9fgYjK9OWW_9af8ef5b-37ee-49db-b631-48d1680d8ba5,2559774.0,2024-04-12 02:13:53
R_4I5iojCUDgjH1az,7964.0,bot_SV_eUHQR9fgYjK9OWW_f45ee239-43be-49f2-be97-3ba4dc064ab5,8226812.0,2024-04-12 02:14:35
R_7AxlQv4YA1XFR1D,1691.0,bot_SV_eUHQR9fgYjK9OWW_99e78f2a-80f8-4d0d-9959-62c8bcf29ee5,1746803.0,2024-04-12 02:15:09
R_7rFwzZUfa2IqRoJ,1812.0,bot_SV_eUHQR9fgYjK9OWW_b802cf4c-cc63-4eea-9790-2b713b5048e2,1871796.0,2024-04-12 02:15:22
R_5dQeanSIqjsdhQJ,6701.0,bot_SV_eUHQR9fgYjK9OWW_ae278abe-981b-4a49-b2e3-6e4f0e72a3d2,6922133.0,2024-04-12 02:16:31
R_2QBT53Hc68dqk2R,5920.0,bot_SV_eUHQR9fgYjK9OWW_8625282c-c331-41b5-b59b-6761c3789adf,6115360.0,2024-04-12 02:20:04
R_1cpGElxpO1UtF9z,2894.0,bot_SV_eUHQR9fgYjK9OWW_67abaff3-960f-4261-9f75-85260fd47bbb,2989502.0,2024-04-12 02:24:50
R_30IBToqeO4nnhAc,6286.0,bot_SV_eUHQR9fgYjK9OWW_2c15947d-e874-4b7f-bc9c-eb470bce71ec,6493438.0,2024-04-12 02:25:21
R_4DZjRTlBLzwrX85,3292.0,bot_SV_eUHQR9fgYjK9OWW_a6ef959b-993e-4e20-96e5-da1398b6b699,3400636.0,2024-04-12 02:26:24
R_89bvEFVIBLT4ZEh,2209.0,bot_SV_eUHQR9fgYjK9OWW_cc6045bc-7582-4b41-9249-0b5ae92ee778,2281897.0,2024-04-12 02:27:32
R_2ltTFsE4rhxoLj6,4329.0,bot_SV_eUHQR9fgYjK9OWW_6a09b6d3-a226-467b-a231-f64dd261ad99,4471857.0,2024-04-12 02:28:46
R_1qgkPde1rA6HgcP,3004.0,bot_SV_eUHQR9fgYjK9OWW_2f799815-d8b5-450c-a0e2-14be1225d6a3,3103132.0,2024-04-12 02:33:39
R_2gp39q6paUnVGxP,2876.0,bot_SV_eUHQR9fgYjK9OWW_fd45d310-a5a8-4fa7-aa97-cb76e1d13335,2970908.0,2024-04-12 02:36:30
R_2LzjOsdK8EUz1Bv,4026.0,bot_SV_eUHQR9fgYjK9OWW_eef922e1-0282-4b4b-bc07-14cffd251a37,4158858.0,2024-04-12 02:37:49
R_8dF6SsoI3GdlhXm,1342.0,bot_SV_eUHQR9fgYjK9OWW_d02a5e24-cd5b-4992-b41f-ce03642fecd4,1386286.0,2024-04-12 02:38:17
R_7SxxhQVKTRCtzup,6959.0,bot_SV_eUHQR9fgYjK9OWW_63b68a28-d965-4caf-a677-b47cbee60bb0,7188647.0,2024-04-12 02:38:28
R_597as7gpWquimgV,7884.0,bot_SV_eUHQR9fgYjK9OWW_acedb2ed-06ff-4234-81e1-464195b8578a,8144172.0,2024-04-12 02:42:26
R_71jsgvKOwxy3BHj,9182.0,bot_SV_eUHQR9fgYjK9OWW_c7398eda-25cc-4ea0-8f26-5fe72919e3b4,9485006.0,2024-04-12 02:46:33
R_2jGS1AOhgXixKbl,6288.0,bot_SV_eUHQR9fgYjK9OWW_f7293ea6-5586-49b3-9ee1-226974cd2516,6495504.0,2024-04-12 02:47:33
R_2R3ghqRzwO5Xpi5,1758.0,bot_SV_eUHQR9fgYjK9OWW_1236be38-12aa-4bcd-809a-8272c74cea7d,1816014.0,2024-04-12 02:50:16
R_2FzkbfAXkuHOsJC,2388.0,bot_SV_eUHQR9fgYjK9OWW_802bf988-ffd8-4029-b7a1-4c4c048b8e9b,2466804.0,2024-04-12 02:53:45
R_5VCJW0y3d3xpgHL,3467.0,bot_SV_eUHQR9fgYjK9OWW_78543903-5db2-467f-8b34-eb8a818307f8,3581411.0,2024-04-12 02:55:35
R_21MdGvyxwVtI6cW,5020.0,bot_SV_eUHQR9fgYjK9OWW_484528e1-4d37-477e-9117-47ae8b2f4cc4,5185660.0,2024-04-12 02:59:17
R_2m3lmBi3BCLFevA,7125.0,bot_SV_eUHQR9fgYjK9OWW_f3c76db4-78df-4e92-a9ce-9d361a8ee294,7360125.0,2024-04-12 03:00:33
R_5e8WQGly3dCY1w9,4782.0,bot_SV_eUHQR9fgYjK9OWW_b5969aa3-3dc2-48ff-845f-b641825f7de7,4939806.0,2024-04-12 03:04:34
R_2VDOoJIyu4ydTHB,6827.0,bot_SV_eUHQR9fgYjK9OWW_24806f01-784b-4b7e-b34d-1a50f79cc7de,7052291.0,2024-04-12 03:05:45
R_4eKpWFZm7IOVCKJ,8669.0,bot_SV_eUHQR9fgYjK9OWW_1f5c2155-2cbd-4432-ace3-64835e2476cc,8955077.0,2024-04-12 03:05:47
R_2irjwIjdWZBDGNZ,4984.0,bot_SV_eUHQR9fgYjK9OWW_81aff473-a3ce-4833-8fb1-5cc9d493cd8e,5148472.0,2024-04-12 03:06:37
R_2ztZ5962VjkQSwb,9508.0,bot_SV_eUHQR9fgYjK9OWW_34f16699-9e09-469c-a8b1-c76a33ec454e,9821764.0,2024-04-12 03:24:17
R_2ypydENUIDJxbBx,8879.0,bot_SV_eUHQR9fgYjK9OWW_83a9a3a8-ce20-4ca8-8091-65a2ea7b70a4,9172007.0,2024-04-12 03:26:00
R_5qqMqFjt8bKcZRn,5152.0,bot_SV_eUHQR9fgYjK9OWW_159a97b4-7205-471c-beda-7d7e19eb8ca0,5322016.0,2024-04-12 03:26:28
R_2sIQOvKnDDfeuOd,3184.0,bot_SV_eUHQR9fgYjK9OWW_56af592b-3354-4001-a86e-efe8ae434296,3289072.0,2024-04-12 03:37:48
R_4lJpJj1OC2q9aQl,6796.0,bot_SV_eUHQR9fgYjK9OWW_7592c0ad-df82-4821-b6ac-e28af71a3e3e,7020268.0,2024-04-12 03:39:26
R_4Xd68mL6fSoStcV,6201.0,bot_SV_eUHQR9fgYjK9OWW_93c506e5-35fa-4acb-96a6-5fa87ff768b4,6405633.0,2024-04-12 03:50:25
R_7n0C7y2i8LHiRjq,9807.0,bot_SV_eUHQR9fgYjK9OWW_a0342f73-8a64-4d8b-a6e2-c608a1a375c3,10130631.0,2024-04-12 04:05:06
R_3KE0m2a55gY9v4I,4662.0,bot_SV_eUHQR9fgYjK9OWW_09434178-5089-470f-baa9-6854a6391a64,4815846.0,2024-04-12 04:43:05
R_7EiasHxvEMUTwag,4292.0,bot_SV_eUHQR9fgYjK9OWW_6f84956c-0c04-47e5-a870-e85853ee8f12,4433636.0,2024-04-12 04:46:10
R_1J8cTCkraifbwMC,8103.0,bot_SV_eUHQR9fgYjK9OWW_01952c7f-37dd-4b8a-addc-41f35b773938,8370399.0,2024-04-12 04:52:56
R_28JKfdiEPfbqtX3,6976.0,bot_SV_eUHQR9fgYjK9OWW_ced52bbe-64af-4bb6-84fc-d9be3f2dafcc,7206208.0,2024-04-12 05:06:34
R_2zKb1MesKJLud5T,3644.0,bot_SV_eUHQR9fgYjK9OWW_c5538482-861c-427e-97fa-2b879f726cfa,3764252.0,2024-04-12 05:15:55
R_5UQPsIUeddpeiqJ,2133.0,bot_SV_eUHQR9fgYjK9OWW_e02b5395-2bab-412f-abe8-be8bd4c3f393,2203389.0,2024-04-12 05:21:40
R_5inge2a2ncypcfZ,3427.0,bot_SV_eUHQR9fgYjK9OWW_47cc9f81-2633-4a24-a1ee-284ecf513af4,3540091.0,2024-04-12 05:28:45
R_2eET6rdhIyhIEcC,1560.0,bot_SV_eUHQR9fgYjK9OWW_5d361fc0-380c-47e9-85e9-f1d3d86bd5e1,1611480.0,2024-04-12 05:36:21
R_2G7LK2d58xLpg2Z,9398.0,bot_SV_eUHQR9fgYjK9OWW_f3010e41-c69c-4f7b-8aca-0c537e9493bc,9708134.0,2024-04-12 05:53:59
R_8ohSeE84t68g1c1,9299.0,bot_SV_eUHQR9fgYjK9OWW_aa5a091f-1d21-4d28-8cbb-d39e322e6fba,9605867.0,2024-04-12 06:12:31
R_720JwPE2BFB5iox,1583.0,bot_SV_eUHQR9fgYjK9OWW_90b91753-0ac7-44b5-acec-3a7b14889818,1635239.0,2024-04-12 06:44:48
R_6MMcynq5yHEBPD5,3804.0,bot_SV_eUHQR9fgYjK9OWW_ec4eb86c-9ed4-499f-af10-bceaef0d869f,3929532.0,2024-04-12 06:55:21
R_8V1hOKAtm4cda7T,5809.0,bot_SV_eUHQR9fgYjK9OWW_f3c5fe3c-2b89-44ec-bcd1-708efa20a1ee,6000697.0,2024-04-12 07:58:32
R_2nJd5VLZ9z7PnZ2,9489.0,bot_SV_eUHQR9fgYjK9OWW_793c1528-bf94-4143-a335-f22b098c05a9,9802137.0,2024-04-12 08:22:46
R_2LjaVlk60SBw65A,3935.0,bot_SV_eUHQR9fgYjK9OWW_775ec08e-c7b8-4cdb-bc15-97b7c4574689,4064855.0,2024-04-12 08:28:25
R_8JsZSpa1IzCRW5k,5150.0,bot_SV_eUHQR9fgYjK9OWW_5e8d8b5e-952c-4e72-b571-279d9d60773d,5319950.0,2024-04-12 09:00:01
R_24jg1iEprzZ89u0,7455.0,bot_SV_eUHQR9fgYjK9OWW_6023e8b9-ffce-4309-a494-df35a694ef92,7701015.0,2024-04-12 09:05:01
R_8Jz4uOEl62nCIue,8132.0,bot_SV_eUHQR9fgYjK9OWW_08009c2f-d730-4026-a31f-fcd13ad833ca,8400356.0,2024-04-12 09:11:31
R_8TMOalFjFdO0xb7,5143.0,bot_SV_eUHQR9fgYjK9OWW_b4cea80d-39d7-4c69-97c6-a44ea04b8fd1,5312719.0,2024-04-12 09:50:10
R_2HtBaZCNwtVvgBP,8908.0,bot_SV_eUHQR9fgYjK9OWW_4d1369ff-7e1c-4891-877d-b65f4df8455c,9201964.0,2024-04-12 10:23:02
R_3oBYcgaFycgFQs0,9872.0,bot_SV_eUHQR9fgYjK9OWW_084ed095-b37d-4e56-ac21-31c59fa10a10,10197776.0,2024-04-12 10:27:58
R_8CKjzJRuCBK9NC5,4126.0,bot_SV_eUHQR9fgYjK9OWW_2e6e24e9-dd69-451c-be78-6eaee4204ef1,4262158.0,2024-04-12 10:44:10
R_2xpLUSyeIJFvp0B,4071.0,bot_SV_eUHQR9fgYjK9OWW_8f857e1c-1799-47ba-94ac-d7d4cddd5b5a,4205343.0,2024-04-12 12:14:54
R_52u0fGcLQVWnR52,3813.0,bot_SV_eUHQR9fgYjK9OWW_3c829470-c2fa-464e-af2e-40f47e9d3798,3938829.0,2024-04-12 12:56:21
R_29LG0F0olLnGGhX,8672.0,bot_SV_eUHQR9fgYjK9OWW_78d0b220-1915-41f1-81fa-0951e3dbb9d2,8958176.0,2024-04-12 12:59:04
R_4QYpFI17b4EgzbR,9775.0,bot_SV_eUHQR9fgYjK9OWW_12ed9f75-d5d1-487d-9e62-1d582305fe97,10097575.0,2024-04-12 13:09:21
R_3LJJtke4yCT9Egp,6070.0,bot_SV_eUHQR9fgYjK9OWW_985dad79-63ab-48aa-add5-5cfbf1740fc1,6270310.0,2024-04-12 13:44:11
R_38ChZooG9mGLM7p,5433.0,bot_SV_eUHQR9fgYjK9OWW_616bb358-b283-4a39-be0e-5d41b9e2180c,5612289.0,2024-04-12 13:48:05
R_7cYV43YvEWEamDH,2202.0,bot_SV_eUHQR9fgYjK9OWW_b527f463-bbde-4174-8d9a-af8b16065b6e,2274666.0,2024-04-12 13:51:41
R_2frJ8zoPCVj1Lr6,6558.0,bot_SV_eUHQR9fgYjK9OWW_355b2a3f-6fc4-4957-ab2b-d2b7d0b2a917,6774414.0,2024-04-12 13:53:20
R_2VC3VeL0W5ef14Z,7468.0,bot_SV_eUHQR9fgYjK9OWW_2ff8b7b1-fa5c-49c3-b31b-409413c7003b,7714444.0,2024-04-12 13:53:28
R_4QfZF7ofEcjeI0h,5488.0,bot_SV_eUHQR9fgYjK9OWW_75878817-b58b-4174-86a9-d76995b04195,5669104.0,2024-04-12 13:53:42
R_3E4RZWVnG7Fcu4x,4955.0,bot_SV_eUHQR9fgYjK9OWW_43cfb477-2a1e-49fb-a347-0ccb0dbc44bf,5118515.0,2024-04-12 13:54:12
R_6ZV1pVGZ2slSAJ0,1211.0,bot_SV_eUHQR9fgYjK9OWW_659541d8-ae2c-4029-a886-bf6de96cbcf1,1250963.0,2024-04-12 13:54:37
R_3elnBW1qZ2XmMUN,1123.0,bot_SV_eUHQR9fgYjK9OWW_2b57ba8e-a597-46d3-b194-6c24c3e58f89,1160059.0,2024-04-12 13:55:05
R_6okd15hBo0zEgrP,1403.0,bot_SV_eUHQR9fgYjK9OWW_398251e6-abdd-44d5-a87a-1581b146def9,1449299.0,2024-04-12 13:55:38
R_2EWh53e6TgBBmhU,1687.0,bot_SV_eUHQR9fgYjK9OWW_c0cea0bf-9a3b-491b-95fb-43d6891bbaee,1742671.0,2024-04-12 13:55:48
R_2OCdkfKsfe4HNE9,2161.0,bot_SV_eUHQR9fgYjK9OWW_ca25e25d-9005-485f-9ea8-158c8f15d09a,2232313.0,2024-04-12 13:57:55
R_47YC7al1N6YZ1rr,3479.0,bot_SV_eUHQR9fgYjK9OWW_b2b4000f-45e5-4d20-9978-9b3489c2b87a,3593807.0,2024-04-12 14:00:03
R_3VUcNavDoagqp2N,3207.0,bot_SV_eUHQR9fgYjK9OWW_16b7ab65-c411-40e5-a3ef-30105d309450,3312831.0,2024-04-12 14:00:30
R_5uC201d2zWVZMDD,4507.0,bot_SV_eUHQR9fgYjK9OWW_ec944bc2-89ae-4d7c-ad84-98eff1766678,4655731.0,2024-04-12 14:02:48
R_3PkxxPM0oJeBitr,7886.0,bot_SV_eUHQR9fgYjK9OWW_6e00d167-1b15-4a09-bd9c-16a6e3c32cb8,8146238.0,2024-04-12 14:03:41
R_3SObUscQSZdsfmx,1733.0,bot_SV_eUHQR9fgYjK9OWW_1170587c-2dab-41b4-a657-554e90222f09,1790189.0,2024-04-12 14:03:44
R_40YJwgxdPNnTLc5,7153.0,bot_SV_eUHQR9fgYjK9OWW_2ebabef9-0492-43ed-b003-a15fa77456e0,7389049.0,2024-04-12 14:04:19
R_2JfJ3YxrAM36jEq,5806.0,bot_SV_eUHQR9fgYjK9OWW_e0de3757-754c-4063-accb-c68c09fe5c12,5997598.0,2024-04-12 14:05:15
R_8EWjTDvYfHXEwYW,8565.0,bot_SV_eUHQR9fgYjK9OWW_196cf6a6-fc15-42a3-beb7-710ded7ac8dd,8847645.0,2024-04-12 14:06:37
R_3tGJx42yKbEp4HL,4366.0,bot_SV_eUHQR9fgYjK9OWW_47fb512e-2ca1-4cc9-ad54-3ab4c08fcf57,4510078.0,2024-04-12 14:07:06
R_3JFwatPNuwMqNE3,7920.0,bot_SV_eUHQR9fgYjK9OWW_67fb56a3-c40a-4d1f-af06-3c5d1034479d,8181360.0,2024-04-12 14:08:29
R_7fjvXPwbOmlUWv1,6026.0,bot_SV_eUHQR9fgYjK9OWW_48546583-cd2f-4194-8276-ffbaa4c6b885,6224858.0,2024-04-12 14:08:49
R_5flJhA6jGkq4X65,4401.0,bot_SV_eUHQR9fgYjK9OWW_3ab8b631-3afb-4124-b529-a132d69b0dea,4546233.0,2024-04-12 14:10:05
R_7GlzwzsKU3f8jxl,7642.0,bot_SV_eUHQR9fgYjK9OWW_00fb4fda-cec7-4812-b89c-894ee2f7eca2,7894186.0,2024-04-12 14:10:35
R_3jBhgmZ9jKHX3O1,4564.0,bot_SV_eUHQR9fgYjK9OWW_4643ea2f-c3cc-476c-bd44-19bbf790ab62,4714612.0,2024-04-12 14:11:26
R_1fuIZWgwpntVxPX,6407.0,bot_SV_eUHQR9fgYjK9OWW_5aed2b13-0779-426d-b477-f3f2af09fb3d,6618431.0,2024-04-12 14:12:55
R_75QkrrzvbdYVWhh,7427.0,bot_SV_eUHQR9fgYjK9OWW_ec29dff6-f7be-4709-b110-10d82474a3b5,7672091.0,2024-04-12 14:13:17
R_7fk6WsULfckDghS,4976.0,bot_SV_eUHQR9fgYjK9OWW_0e9e2d51-33ba-472e-9251-d6c2d70abf0a,5140208.0,2024-04-12 14:13:40
R_1MgkxBpXxnxQ2gJ,7253.0,bot_SV_eUHQR9fgYjK9OWW_0a5b2ca6-9779-4883-8012-d0e8acc845a3,7492349.0,2024-04-12 14:14:41
R_29nEDdSZ2tlURA5,4278.0,bot_SV_eUHQR9fgYjK9OWW_1c8ce509-f867-454c-ad2a-0cabdde60010,4419174.0,2024-04-12 14:16:06
R_25B8ainfEyUhujT,1302.0,bot_SV_eUHQR9fgYjK9OWW_59d3bcd4-fe28-4280-ab0b-9c1889f481dc,1344966.0,2024-04-12 14:20:56
R_5hdvFkaYYOWjtWV,5245.0,bot_SV_eUHQR9fgYjK9OWW_da0e221f-a494-4b8e-85b2-43bd2f5c89bb,5418085.0,2024-04-12 14:22:05
R_4IiJFqf1HJ3nkpb,8393.0,bot_SV_eUHQR9fgYjK9OWW_77b9a0d8-e6a4-4c47-8e63-c223f0ac4190,8669969.0,2024-04-12 14:25:22
R_7lLm7FgtrUsSI6y,6555.0,bot_SV_eUHQR9fgYjK9OWW_3933b619-1da1-43bd-8137-170a40c6a308,6771315.0,2024-04-12 14:28:10
R_161D9dqqfCL2UYV,2816.0,bot_SV_eUHQR9fgYjK9OWW_c859e427-404b-46cc-a8f1-f5f8acb567af,2908928.0,2024-04-12 14:29:50
R_3WCOi5ku4RA7Myy,3336.0,bot_SV_eUHQR9fgYjK9OWW_d79f99f6-82a2-41dc-aed0-30733a862c73,3446088.0,2024-04-12 14:32:32
R_7ZIcEs5tbKwWosG,9666.0,bot_SV_eUHQR9fgYjK9OWW_db27df19-683b-40e1-8efc-3a47dd987690,9984978.0,2024-04-12 14:34:11
R_2nSBQQP5r4NSFTt,4056.0,bot_SV_eUHQR9fgYjK9OWW_3c52ff9f-2982-4ff7-906e-dec1e99710e5,4189848.0,2024-04-12 14:39:24
R_2eIX1mY5LFFq9f9,1984.0,bot_SV_eUHQR9fgYjK9OWW_459c5ec5-b1bc-442e-b465-42998257755a,2049472.0,2024-04-12 14:41:10
R_7PdPNuiDYyo9n1x,5698.0,bot_SV_eUHQR9fgYjK9OWW_4fd68b0d-41f3-4ecb-974a-66ed500305ab,5886034.0,2024-04-12 14:43:58
R_2El7d7NzdNemOZz,3322.0,bot_SV_eUHQR9fgYjK9OWW_050bf354-a15a-4a75-82f6-3a821a037461,3431626.0,2024-04-12 14:50:30
R_7gvg7TBYb1Iag93,4277.0,bot_SV_eUHQR9fgYjK9OWW_f3378a72-aff1-4a1c-9872-539137a273db,4418141.0,2024-04-12 14:53:33
R_6eNqjo311OBcN1f,6570.0,bot_SV_eUHQR9fgYjK9OWW_a327ef96-0937-4af7-81dd-a8dd14008e7a,6786810.0,2024-04-12 14:55:34
R_1bcVJ8TPBzpRbxf,6918.0,bot_SV_eUHQR9fgYjK9OWW_81902d5b-0778-4b6a-b64c-14d661a8d3d1,7146294.0,2024-04-12 15:00:44
R_8M3Qf3fWW8u3Dto,8337.0,bot_SV_eUHQR9fgYjK9OWW_05b612c5-d218-4cca-8d52-ba3e7b9098a4,8612121.0,2024-04-12 15:09:15
R_31NKIjswbLGOTdw,7835.0,bot_SV_eUHQR9fgYjK9OWW_584541ac-c317-4ddf-a278-26bcd3396b93,8093555.0,2024-04-12 15:37:36
R_36rbso9i2kAslwd,2402.0,bot_SV_eUHQR9fgYjK9OWW_966c6755-9452-4bf1-ae23-bd4a88b050fa,2481266.0,2024-04-12 15:44:49
R_7c2tW2BbZC1lbkl,9969.0,bot_SV_eUHQR9fgYjK9OWW_ea3980bc-9377-4835-acf1-e242f924659d,10297977.0,2024-04-12 15:48:32
R_2EZsTs1kiR8vNwm,3133.0,bot_SV_eUHQR9fgYjK9OWW_2ad30526-ba1c-4270-abd4-e2c69483b6a7,3236389.0,2024-04-12 16:05:40
R_45RVUaiheBKtXNO,6415.0,bot_SV_eUHQR9fgYjK9OWW_df1cf6cd-1445-41be-9e84-e3b8185322e7,6626695.0,2024-04-12 16:17:11
R_2fdZpDdlHas8Vm8,1041.0,bot_SV_eUHQR9fgYjK9OWW_8c2568df-f353-4363-90cc-454146195171,1075353.0,2024-04-12 16:31:03
R_8DoPwKswZaLGxcL,1315.0,bot_SV_eUHQR9fgYjK9OWW_10200c10-9a0f-441a-b9cf-e1e7110417ab,1358395.0,2024-04-12 16:36:55
R_8FRNOcR5CtjTRQ0,6018.0,bot_SV_eUHQR9fgYjK9OWW_7f22947f-9b97-4eef-ba58-d643d22c51d4,6216594.0,2024-04-12 18:31:49
R_8XbBz8xPx9pnpaV,3463.0,bot_SV_eUHQR9fgYjK9OWW_74baeb6a-c3a0-497f-8862-a76028719f6b,3577279.0,2024-04-12 21:10:59
R_2E11JfkSr5BQXwq,9780.0,bot_SV_eUHQR9fgYjK9OWW_009044c2-f366-4599-8b7e-8a959d810eb1,10102740.0,2024-04-12 21:29:44
R_534vcy63TOBPptp,4480.0,bot_SV_eUHQR9fgYjK9OWW_23f9f424-45fc-44da-8f1c-12885b42ba28,4627840.0,2024-04-12 21:52:57
R_53ZZrR2MVtoXybA,7511.0,bot_SV_eUHQR9fgYjK9OWW_f924122c-ef74-4880-b078-2a1a1d8912da,7758863.0,2024-04-12 21:59:15
R_1AsE9CrB1xVsZKp,2180.0,bot_SV_eUHQR9fgYjK9OWW_6fceca5d-335b-47c6-a408-2f9fd1199d32,2251940.0,2024-04-12 22:12:35
R_1RwJUZoCG6zhG9e,5822.0,bot_SV_eUHQR9fgYjK9OWW_3e18ed37-f626-4c75-a28f-1ad9a1cca391,6014126.0,2024-04-12 22:52:29
R_5lFwAQhJGqNnDfH,8608.0,bot_SV_eUHQR9fgYjK9OWW_46415cc4-bd9e-4aff-82da-02f75461803e,8892064.0,2024-04-12 22:58:20
R_4PTSGgxTKrZjxmw,1150.0,bot_SV_eUHQR9fgYjK9OWW_ee43da4e-2b37-48d8-917a-9381bab048d6,1187950.0,2024-04-12 23:09:58
R_14iQC0sntZ5QZ5w,8532.0,bot_SV_eUHQR9fgYjK9OWW_649d6f43-6898-4746-8304-f707c26b0d7a,8813556.0,2024-04-12 23:21:37
R_6qgNsF45n4vZYqL,8522.0,bot_SV_eUHQR9fgYjK9OWW_bdf50f7f-2ec1-4910-9353-1099bb899428,8803226.0,2024-04-12 23:26:18
R_1FmOvJkvWL9cMbm,2783.0,bot_SV_eUHQR9fgYjK9OWW_8b6c8d52-5479-4a60-bbcf-3b5aee061b41,2874839.0,2024-04-12 23:36:41
R_2Ecj2YhVmRXHv4V,3934.0,bot_SV_eUHQR9fgYjK9OWW_e2cbbba6-da76-496d-9be8-172cc55af676,4063822.0,2024-04-12 23:49:53
R_5tgsMRRggL9fXRF,2404.0,bot_SV_eUHQR9fgYjK9OWW_4cbe1389-19b3-4935-bbc2-73f0f15508fe,2483332.0,2024-04-12 23:51:41
R_21mj6odk2DwFXwm,7203.0,bot_SV_eUHQR9fgYjK9OWW_6b1d4faa-5358-4ceb-9b11-84e0a7963453,7440699.0,2024-04-13 01:20:55
R_2hnYqDu06T4Kehz,7366.0,bot_SV_eUHQR9fgYjK9OWW_b2af78a2-398f-4617-b9f3-bf8cfc12bcd5,7609078.0,2024-04-13 03:09:24
R_8Cq6spL5bUrRAjf,6129.0,bot_SV_eUHQR9fgYjK9OWW_b3932101-9f47-4743-901f-12d6dcf9b331,6331257.0,2024-04-13 03:18:16
R_6AGyLcQHn7wilXM,7178.0,bot_SV_eUHQR9fgYjK9OWW_d00eee02-65ab-4e33-9e51-93464c8d8e04,7414874.0,2024-04-13 03:48:51
R_18G3dDHFNTFbSE7,8314.0,bot_SV_eUHQR9fgYjK9OWW_251723da-1f2b-4dc4-acd1-901574699e6a,8588362.0,2024-04-13 04:01:37
R_4rhEOwxKqsA7HQR,9622.0,bot_SV_eUHQR9fgYjK9OWW_97e63a57-c4ca-4b41-b000-a5a55daecd4b,9939526.0,2024-04-13 04:14:39
R_23BlQLpBU0wFero,4186.0,bot_SV_eUHQR9fgYjK9OWW_fdc39286-033c-4131-a25d-6b5e16acdb0c,4324138.0,2024-04-13 04:24:12
R_2tD8ZPOCjdRIwNj,6869.0,bot_SV_eUHQR9fgYjK9OWW_68e4b632-8556-40c6-98ba-56ecc1eb568f,7095677.0,2024-04-13 05:44:16
R_7la8y9APi68s229,8159.0,bot_SV_eUHQR9fgYjK9OWW_138ca8f8-ce9b-4990-aedd-dc5ab035542c,8428247.0,2024-04-13 06:23:07
R_6VfEzZOxdkeLEnn,2112.0,bot_SV_eUHQR9fgYjK9OWW_568f5c00-2eba-4bfa-bff4-00c049450565,2181696.0,2024-04-13 06:24:32
R_3rxaHzv1rxsEsqB,6653.0,bot_SV_eUHQR9fgYjK9OWW_74e42f0b-5af0-40dd-aef6-dfcddeaf7668,6872549.0,2024-04-13 07:07:23
R_2nCRPKHGeYJE19v,3493.0,bot_SV_eUHQR9fgYjK9OWW_de4689f6-7657-4aef-9abe-ffdf55982b36,3608269.0,2024-04-13 07:10:56
R_4kc6DKyq8PCCG31,4567.0,bot_SV_eUHQR9fgYjK9OWW_163ab4e4-718c-4b34-8152-74e2d156e3c3,4717711.0,2024-04-13 07:39:23
R_2QEOMdujFYrnMQM,2037.0,bot_SV_eUHQR9fgYjK9OWW_df8c297b-6909-47cb-94e2-b2d151c863b8,2104221.0,2024-04-13 08:19:54
R_4EH8BSuBPBQHau5,4039.0,bot_SV_eUHQR9fgYjK9OWW_7cb0477e-3336-4e59-a7f6-8bf794c8f50c,4172287.0,2024-04-13 10:09:32
R_2OSAA5Q1YthaXPA,8195.0,bot_SV_eUHQR9fgYjK9OWW_dde4df48-b842-4c44-988c-fe98066c19c9,8465435.0,2024-04-13 11:33:58
R_2QM0bQbYlaovgRp,7146.0,bot_SV_eUHQR9fgYjK9OWW_1af4403a-280d-4fe6-9c5c-9ac3d32daf17,7381818.0,2024-04-13 13:29:55
R_5bD4zSMLPIo8AAV,4925.0,bot_SV_eUHQR9fgYjK9OWW_22a08e91-a03a-4a56-95b6-8e295213138e,5087525.0,2024-04-13 14:12:41
R_8uJ5weCOISYfawC,9439.0,bot_SV_eUHQR9fgYjK9OWW_0f8899f9-911b-4ead-8923-aa1ac15164cd,9750487.0,2024-04-13 16:09:29
R_4DoJ9P0pthy7nS1,3013.0,bot_SV_eUHQR9fgYjK9OWW_e8cc9e91-b885-484a-a9ba-a059ce590a80,3112429.0,2024-04-14 02:57:03
R_1I498WOAR9PuYLe,9694.0,bot_SV_eUHQR9fgYjK9OWW_4936892a-b5d5-4399-b1ec-694a85cb2c66,10013902.0,2024-04-14 06:49:02
R_13BJgsyxmUfbzVN,4903.0,bot_SV_eUHQR9fgYjK9OWW_27125355-9409-48a8-b642-72190fa0390e,5064799.0,2024-04-14 10:23:02
R_7DkFnB2ji8pHCHy,9482.0,bot_SV_eUHQR9fgYjK9OWW_c8ec4c23-4f30-4ef2-a458-7f817302f2aa,9794906.0,2024-04-15 01:12:07
R_2a8ZvBYIIVADur7,1898.0,bot_SV_eUHQR9fgYjK9OWW_c55a6e59-fd58-4b9c-bd86-40a87c7f2a9a,1960634.0,2024-04-15 02:55:27
R_8v6n9uOh9aXWbZL,3135.0,bot_SV_eUHQR9fgYjK9OWW_792d12d6-7f1d-4646-899b-4fe9c797e344,3238455.0,2024-04-15 06:07:29
R_2MWnHlokpzkARec,1506.0,bot_SV_eUHQR9fgYjK9OWW_11939311-4e6f-4bad-8ea0-1e43d4404a02,1555698.0,2024-04-15 07:09:51
R_3V6h5oWrBd7r07n,4856.0,bot_SV_eUHQR9fgYjK9OWW_2cb27826-7a18-4d10-b62d-9e4fc1fe188d,5016248.0,2024-04-15 09:25:58
R_2D0N3RexlvJRFhU,2800.0,bot_SV_eUHQR9fgYjK9OWW_535f78ce-3094-48cd-b5cf-04c30d6ba668,2892400.0,2024-04-15 13:25:55
R_43TlpoUcj5Xrk0V,3904.0,bot_SV_eUHQR9fgYjK9OWW_18686786-2506-4fef-b078-43521accdfab,4032832.0,2024-04-15 13:34:37
R_50oynw78kAuaQJH,1152.0,bot_SV_eUHQR9fgYjK9OWW_c24ee97c-6363-4e08-9720-9992a5350582,1190016.0,2024-04-15 13:46:26
R_6kNDZ4l503N9L82,4825.0,bot_SV_eUHQR9fgYjK9OWW_941103d7-4a47-445d-a2e5-d60d7f95b7b2,4984225.0,2024-04-15 13:53:35
R_3MRQopWqM1VtdgY,1860.0,bot_SV_eUHQR9fgYjK9OWW_b5bbceff-813c-472d-af8b-fcf9e5b5c1ac,1921380.0,2024-04-15 14:00:29
R_4XkaeIxc3mSKRnH,6571.0,bot_SV_eUHQR9fgYjK9OWW_d32a6fff-a645-45e5-a3ae-789f904add84,6787843.0,2024-04-15 14:32:38
R_22PHYHtEzau5Std,2098.0,bot_SV_eUHQR9fgYjK9OWW_37d5602b-5c52-4f5a-a445-febcc0f30b63,2167234.0,2024-04-15 15:05:35
R_52lfOPOIBMHkuZO,6770.0,bot_SV_eUHQR9fgYjK9OWW_bd67de4a-d99a-40c6-a8aa-0e16b15f74aa,6993410.0,2024-04-15 15:21:09
R_4d4YFzRwqetY5oa,1252.0,bot_SV_eUHQR9fgYjK9OWW_043cd4ec-79bd-47fe-ba03-6c187092475f,1293316.0,2024-04-15 15:39:53
R_7Qp6aNcV4SFRP4l,6846.0,bot_SV_eUHQR9fgYjK9OWW_527a91dd-b107-4941-af1c-cb2483b61e27,7071918.0,2024-04-15 23:00:14
R_5HYvdcMubyBgBUX,6297.0,bot_SV_eUHQR9fgYjK9OWW_a301eb80-9aed-4cc5-a654-545be80c1fb9,6504801.0,2024-04-16 00:15:55
R_8Lcode2ozOxsoVY,5988.0,bot_SV_eUHQR9fgYjK9OWW_7ed4fae8-204a-4501-b643-9365978a6eb9,6185604.0,2024-04-16 04:49:19
R_2hEoEo2bI37r9M5,3638.0,bot_SV_eUHQR9fgYjK9OWW_d04f9026-1087-4e32-b6d4-ccdf2404997a,3758054.0,2024-04-16 05:06:29
R_48lxAZKDbljOzrH,8636.0,bot_SV_eUHQR9fgYjK9OWW_c9723c52-3a10-42f0-9a9a-40aa7076dbc6,8920988.0,2024-04-16 05:10:42
R_4NN1fizPCA3aImt,9582.0,bot_SV_eUHQR9fgYjK9OWW_1256db0d-ec6f-4714-bf42-f80bda77e4c1,9898206.0,2024-04-16 05:11:28
R_1iQe7vTS5Y5ail5,1006.0,bot_SV_eUHQR9fgYjK9OWW_2d6903b5-beb1-4e52-a23b-809721733034,1039198.0,2024-04-16 05:14:15
R_1bS6YhQnbILG3p7,6537.0,bot_SV_eUHQR9fgYjK9OWW_047ca879-f726-4455-ac8f-f6a497d163de,6752721.0,2024-04-16 05:21:43
R_7CmuEyR8Fcv3rYi,7880.0,bot_SV_eUHQR9fgYjK9OWW_91f44628-cab5-4664-9a3b-11ee71478261,8140040.0,2024-04-16 05:23:00
R_2dKvsZkkxS9jk5Z,6141.0,bot_SV_eUHQR9fgYjK9OWW_00dbe630-1e41-4445-8f52-c0486a06af3e,6343653.0,2024-04-16 05:26:13
R_4Xd6wmisJdm8nUZ,4615.0,bot_SV_eUHQR9fgYjK9OWW_0dc90cfb-515b-48b8-ad32-7256fbc873d2,4767295.0,2024-04-16 05:27:07
R_3CSVbx4rWbiXZzH,8747.0,bot_SV_eUHQR9fgYjK9OWW_dafa8ff6-9d88-4b10-9a76-bd13226b8806,9035651.0,2024-04-16 05:28:50
R_2t7IMwDTV2IbXfb,4843.0,bot_SV_eUHQR9fgYjK9OWW_de2cce8a-200b-4dc1-ad75-56bf1e29ab76,5002819.0,2024-04-16 05:28:58
R_3VEWvcbjUh170Y0,7565.0,bot_SV_eUHQR9fgYjK9OWW_0211f3ce-9f9f-4b79-97b2-973e9313e6b0,7814645.0,2024-04-16 05:31:19
R_1K3AysGCMqLZ5vM,4140.0,bot_SV_eUHQR9fgYjK9OWW_0d42c661-1e7d-4c61-953a-08c486ea2b9d,4276620.0,2024-04-16 05:37:10
R_1BDxRgYZ2OXAHqV,9044.0,bot_SV_eUHQR9fgYjK9OWW_2a985d77-81f3-4c3e-b902-21499d64550a,9342452.0,2024-04-16 05:38:07
R_3mxg0vzpG6P49Tz,1523.0,bot_SV_eUHQR9fgYjK9OWW_dc82d879-dc4d-4b5f-9d29-3535ad451356,1573259.0,2024-04-16 05:42:02
R_2flC6YeBUHDBAgG,1856.0,bot_SV_eUHQR9fgYjK9OWW_955d74dd-e9b0-4bf3-96c5-2aa9168f492f,1917248.0,2024-04-16 06:40:01
R_30GYGyxjK15hHQd,3234.0,bot_SV_eUHQR9fgYjK9OWW_5277921c-7a96-42c9-bd8a-899947e9127e,3340722.0,2024-04-16 07:12:05
R_51nW7gFqOwWUgiT,4685.0,bot_SV_eUHQR9fgYjK9OWW_9e615b12-2309-45fd-bc65-d316f0ded5cc,4839605.0,2024-04-16 07:15:56
R_436Z7hO68o6KF4Y,1799.0,bot_SV_eUHQR9fgYjK9OWW_4103f1d6-f4c2-48e2-a354-d6f2aa7c4b01,1858367.0,2024-04-16 07:30:18
R_1RsAM8QKhGKt3nx,7056.0,bot_SV_eUHQR9fgYjK9OWW_0d2e77aa-80b2-4150-bc3e-0d235dd3300f,7288848.0,2024-04-16 08:35:11
R_7uPrWrNHwOb3K5r,7950.0,bot_SV_eUHQR9fgYjK9OWW_a976fc15-d819-4da9-a28d-2d90c686338c,8212350.0,2024-04-16 09:23:02
R_2fdKVdYu5UIjnAP,4483.0,bot_SV_eUHQR9fgYjK9OWW_f39793d1-6447-4bf6-b010-c6719f245e54,4630939.0,2024-04-16 10:05:54
R_1IMLEOXu3QemWaB,4050.0,bot_SV_eUHQR9fgYjK9OWW_b986146a-c46c-4ca6-a8dd-d462f5cf9ffc,4183650.0,2024-04-16 10:13:57
R_5MYAi4bcoSqO0Ol,3739.0,bot_SV_eUHQR9fgYjK9OWW_b213c1b7-f5d8-4561-b566-a026d80a82c9,3862387.0,2024-04-16 10:29:36
